id,nombre_campo
1,Computational Physics and Python Applications
2,Gaussian Processes and Bayesian Inference
3,Topic Modeling
4,Advanced Clustering Algorithms Research
5,Security and Verification in Computing
6,"Logic, programming, and type systems"
7,Machine Learning and Data Classification
8,Solar Radiation and Photovoltaics
9,Algorithms and Data Compression
10,Natural Language Processing Techniques
11,Geochemistry and Geologic Mapping
12,Seismology and Earthquake Studies
13,Data Analysis with R
14,Adversarial Robustness in Machine Learning
15,Speech and dialogue systems
16,"Logic, Reasoning, and Knowledge"
17,Quantum Computing Algorithms and Architecture
18,AI-based Problem Solving and Planning
19,Advanced Graph Neural Networks
20,Intelligent Tutoring Systems and Adaptive Learning
21,Machine Learning and Algorithms
22,Advanced Software Engineering Methodologies
23,Sentiment Analysis and Opinion Mining
24,Neural Networks and Applications
25,Fuzzy Logic and Control Systems
26,Semantic Web and Ontologies
27,Machine Learning in Healthcare
28,Metaheuristic Optimization Algorithms Research
29,Reinforcement Learning in Robotics
30,Advanced Technologies in Various Fields
31,Privacy-Preserving Technologies in Data
32,Hate Speech and Cyberbullying Detection
33,Neural Networks and Reservoir Computing
34,Multi-Agent Systems and Negotiation
35,Internet Traffic Analysis and Secure E-voting
36,Quantum Information and Cryptography
37,Advanced Computational Techniques and Applications
38,AI in cancer detection
39,Bayesian Modeling and Causal Inference
40,Anomaly Detection Techniques and Applications
41,Cryptography and Data Security
42,Evolutionary Algorithms and Applications
43,Computer Science and Engineering
44,Bayesian Methods and Mixture Models
45,Speech Recognition and Synthesis
46,Educational Technology and Pedagogy
47,Domain Adaptation and Few-Shot Learning
48,Text and Document Classification Technologies
49,Text Readability and Simplification
50,Artificial Intelligence in Games
51,Mathematical Control Systems and Analysis
52,Explainable Artificial Intelligence (XAI)
53,Imbalanced Data Classification Techniques
54,Data Stream Mining Techniques
55,Authorship Attribution and Profiling
56,Cognitive Science and Mapping
57,Target Tracking and Data Fusion in Sensor Networks
58,Machine Learning and ELM
59,AI in Service Interactions
60,Edcuational Technology Systems
61,Wireless Signal Modulation Classification
62,Advanced Text Analysis Techniques
63,Organizational and Employee Performance
64,Coding theory and cryptography
65,Stochastic Gradient Optimization Techniques
66,Cryptographic Implementations and Security
67,Linguistic Studies and Language Acquisition
68,Cognitive Computing and Networks
69,Statistical and Computational Modeling
70,AI and Multimedia in Education
71,"Law, AI, and Intellectual Property"
72,Educational Robotics and Engineering
73,Intuitionistic Fuzzy Systems Applications
74,Physical Sciences
75,Computer Science
76,Artificial Intelligence
